x_true,v,sigma_sq,mu,y_gaussian,p,q,y_beta,x_replicate_1,x_replicate_2,x_replicate_3
-5.428153016502806,0,0.5,0.7545921054809868,0.18717704954742376,0.430066967202118,0.01,1.0,-6.22518529851248,-6.101817080599504,-6.057772403332518
4.986727232917929,0,0.5,-0.9626046823850986,-1.1957213906808033,0.01,0.01,0.4736859012553622,4.609700274252129,3.4784399510127626,4.275853337640949
1.4148924902599602,1,0.3,0.987871592855831,0.9806533521927115,0.49694939874694194,0.01,0.9999999999999883,1.715489526588185,2.816444365841406,2.478430272535481
-7.53147356959046,1,0.3,-0.9484434801950112,-1.2351661215900767,0.01,0.01,6.524318809532539e-06,-7.357873756869968,-7.416725462165244,-7.153545653687915
-2.893001259842682,0,0.5,-0.24603889816422667,0.25341384311719284,0.01,0.01,1.0,-5.08799271950724,-4.363453085764393,-4.620130973492788
8.257182685485756,0,0.5,0.919809729030572,1.2243819615147895,0.47911504724743714,0.01,0.999999352982001,7.92863517048929,7.5801702825673996,7.674996761840049
-12.133396216965371,1,0.3,0.41957257976464446,0.2364550650764408,0.29556261211681534,0.01,1.0,-13.191161370832216,-12.105815900705844,-11.951644896937697
-2.144563144280886,1,0.3,-0.839862311708858,-0.8507210444264284,0.01,0.01,1.0,-1.5956463837170884,-1.218381336594471,-1.591735596651086
6.3296812935276705,1,0.3,0.046479235060282426,-0.7965018484038676,0.04441486606048613,0.01,0.9999999999973779,6.9665224613474415,6.506860802148193,6.767950311704865
-4.333702011325508,0,0.5,0.9291508649573541,1.1563119416552143,0.4816372227984844,0.01,1.0,-3.066309359681247,-3.604334405948215,-3.1699611594458146
-3.3944307581102717,1,0.3,0.25015283388825,-0.5132665054888284,0.200097801730545,0.01,0.9999999999963891,-3.6671611823970562,-3.460100440305646,-4.356855653100067
-0.4735448446844556,0,0.5,-0.4560439044029662,-0.6521469283512076,0.01,0.01,1.0,0.10111798260362698,-1.1800714444154898,-0.5723575252255595
7.45694813062144,1,0.3,0.9222121478027429,0.6695233782375007,0.47976605956679247,0.01,1.0,5.977852845974467,5.943258441978791,6.014500871863288
-3.194509983423255,0,0.5,0.05289263638699802,0.38281381170539475,0.05023554592280097,0.01,1.0,-4.312536405933141,-3.1653579319943823,-3.87057111897308
-2.2199097982303275,1,0.3,-0.7966200006801502,-1.0398866256148693,0.01,0.01,1.0,-1.9009187161579781,-2.1055300586139127,-1.3335744969068255
-2.171756378092587,0,0.5,-0.8247931488983702,-0.8579974320415383,0.01,0.01,0.008077089599181261,-4.15014891726554,-2.3991214454760477,-4.162478862317518
11.029650413627278,1,0.3,-0.9994194649951151,-0.18046906028086251,0.01,0.01,1.0141792100937734e-11,11.119375596252782,10.87663796234861,11.438381513541762
10.933930444868933,0,0.5,-0.9981006199077306,-2.107856657842781,0.01,0.01,1.0,10.379259066728102,11.383335963511021,11.306339881357621
5.020269489394385,1,0.3,-0.952977999377422,-0.8910296871356286,0.01,0.01,1.0,4.340007115064624,3.9591546636390076,3.5273363395004402
1.9309319958742799,1,0.3,0.9358490223440578,1.4091959344161824,0.48343079007828205,0.01,0.9999999998689033,2.121925817833228,1.59613370557538,2.2716976516408915
3.686842879481211,0,0.5,-0.5186320492610401,-0.9625184698150978,0.01,0.01,8.06299349583469e-69,3.2482960501877236,3.9835288982103343,4.126629328585986
7.453660140753994,1,0.3,0.9209357510485952,0.9323954566841591,0.47942038173107937,0.01,1.0,7.925731892345876,6.666545170309845,7.751864365222513
-4.6791693420119564,1,0.3,0.9994482785534169,0.25381775440537857,0.4998620315782856,0.01,1.0,-3.6716128403848405,-3.9673489241435123,-3.647525109993684
5.879145223910517,1,0.3,-0.39313631720545944,-1.274300940238918,0.01,0.01,0.9999613617956331,5.03312073407298,5.131242381725139,5.190789895030596
-6.269403338745062,1,0.3,0.013781532141391387,0.4092969325807465,0.013594183465032076,0.01,1.0,-7.0497224239448935,-7.805799156576186,-7.668937949859449
-3.1887575122670513,1,0.3,0.04714737406293733,-0.13203655528503438,0.0450245831969241,0.01,1.0,-4.1568415797729745,-3.962759886911517,-4.167983637884497
4.535525979001506,0,0.5,-0.9844004665101896,-1.9126088231746787,0.01,0.01,1.2394940122331387e-96,2.461937822001382,2.816903694234673,2.938007750245818
-7.1434035011298445,1,0.3,-0.7579849027627108,-1.0172652316700626,0.01,0.01,1.0,-5.967693016769651,-6.363537227446622,-5.747441779834419
-0.7003436009433305,0,0.5,-0.6444804497008821,-0.21708078699303213,0.01,0.01,6.823797638901501e-48,0.09538585052768933,-0.2054345674572557,0.221210340884351
-4.308774479298427,0,0.5,0.9196474273979375,1.3094271126447525,0.4790710076612924,0.01,0.9999998727983233,-2.2761439000409474,-3.192521239296935,-2.8202038035917694
-1.2780968526529846,1,0.3,-0.9574684643763147,-0.38360082401551143,0.01,0.01,1.0,-3.5762360818977355,-3.7147007075571077,-3.6926263878339327
-13.992945527303622,1,0.3,-0.9896181057480764,-1.2656685503498515,0.01,0.01,0.24342541953972768,-15.388065123804113,-15.592230738789107,-15.485521407687866
-8.857665522549235,0,0.5,-0.5371987613060442,-0.9808634183103961,0.01,0.01,2.7185313934394156e-117,-7.937325236011526,-7.99628487954012,-8.878165133305657
-3.4993861729895865,1,0.3,0.35020833923229433,0.5314395438016729,0.2593735566997141,0.01,1.0,-2.6015541767941563,-2.530565296643154,-1.809150945642283
4.637312158792913,0,0.5,-0.9971830589503458,-0.2900087054604983,0.01,0.01,3.150180765235764e-126,4.819296145524168,4.293663757102649,4.058218441185346
-0.868178413951079,0,0.5,-0.7631530625441557,-1.0280059614639045,0.01,0.01,1.0,-1.5439543124322714,-1.5699199491194813,-0.3308792556448753
0.014229579484055097,1,0.3,0.014229099285829994,0.5390520012287547,0.01402947252829703,0.01,0.9999997217392685,-0.26883504236657896,-0.43713726841084843,-0.4071956339342526
3.441113555511425,0,0.5,-0.29506247288660403,-0.5308612441010471,0.01,0.01,1.0,1.5363747656627802,1.9798065042401602,2.34999413037108
-4.39768171504526,1,0.3,0.9508870321937285,2.06684542086544,0.4874126571667646,0.01,0.9999999999999224,-5.067198053804894,-4.6765004721548955,-4.939361245824985
1.418136619036455,1,0.3,0.988370119340639,0.04646593066431293,0.4970755241827871,0.01,1.0,0.3058385229006273,0.7043020163000974,0.323348761870089
-4.026832590328079,1,0.3,0.7740669142689984,1.6147305983814477,0.436323403611837,0.01,1.0,-3.844635532810384,-4.462395639416872,-3.8639751346880074
-8.638347470603037,0,0.5,-0.7078363695342744,-1.7667147748434107,0.01,0.01,1.2139653715675249e-16,-8.84373852078086,-8.12223957982143,-8.294379091234797
-1.9544989687755048,1,0.3,-0.9272848872296772,-0.2573252460381924,0.01,0.01,1.062630220513929e-34,-1.301644341673923,-1.0129408563549696,-1.4268077941403443
2.8690293120252885,0,0.5,0.2692010316723713,0.3298712480190785,0.21210275201057532,0.01,1.0,0.9114320788456844,1.2870665225622708,0.859862142444388
1.6929452549990076,1,0.3,0.9925490907723831,0.7442429553103382,0.49813030723756757,0.01,0.9999986646926646,3.0276213293762178,3.701708361576486,4.081542872552684
-0.0591524723940988,0,0.5,-0.05911798253074219,-0.7017155810151868,0.01,0.01,6.579758324624511e-60,0.01622525297427748,0.839526650786167,1.4987574207910324
11.96182632968863,1,0.3,-0.568387190398225,-1.0767406246559221,0.01,0.01,1.0,12.429542764446058,11.340746353029905,11.847298738833041
2.064560801543894,1,0.3,0.8805549516410559,1.253968067796027,0.46824207443267984,0.01,1.0,3.5800078554545216,2.789011361875575,2.394343393214886
4.893680029686733,0,0.5,-0.983611736907212,-0.6581239702581434,0.01,0.01,3.7199638137750245e-154,4.655020969462232,5.280831246378749,4.815177048113015
11.190716692489763,0,0.5,-0.9810200662932846,-1.1142704730154305,0.01,0.01,0.9999989023546089,12.493479291375413,12.036472948186647,11.758399829583531
-6.470426615806244,0,0.5,-0.18614913315729756,-0.2049470312405196,0.01,0.01,1.0,-7.218536092329771,-6.964732851409395,-7.707406600534144
-5.193941051024767,0,0.5,0.8862771408153373,0.2701882977929261,0.46985520931046576,0.01,1.0,-4.8766452123845845,-5.038432843727002,-4.543574081664483
8.718561125614654,1,0.3,0.648960105249499,0.576349924142607,0.39355718988198735,0.01,1.0,7.574079603417044,8.822151273104902,8.721840532554653
-3.9903136762053126,0,0.5,0.7504356873868657,1.3768199445363414,0.42871365843046316,0.01,0.99989298184542,-3.7612578485711636,-3.768315236210948,-4.572638629788203
0.1484161515166511,1,0.3,0.14787188211777733,-0.34923672681408546,0.12882263641214006,0.01,0.9359753575230383,0.7780506246548222,0.9742487033814569,0.5916051020977067
5.346579847121743,1,0.3,-0.8055513925399372,-0.5201126203193127,0.01,0.01,2.1449453440527493e-103,5.4083233141435105,4.562540474645877,4.455185058050302
4.453531956465854,0,0.5,-0.9666831837491592,-1.2929753898430334,0.01,0.01,1.723085699339933e-37,2.8330049619919637,2.4188678125046734,3.5038254136526064
8.774430909905547,0,0.5,0.6054626508548363,-0.4746919360452587,0.37712658748707406,0.01,0.5666515022880675,10.002031347986705,9.844250349533603,10.61589575537903
7.478220685167346,1,0.3,0.9302286378931273,1.5117340829400703,0.4819266586514256,0.01,1.0,6.8568324432464705,7.536926189420282,7.934310714359003
5.346963348528684,1,0.3,-0.8053240987878257,-1.5578659499631593,0.01,0.01,0.9999999999999997,3.9589654383305906,3.4893309637807834,4.042705729143241
-3.863543571235957,0,0.5,0.6608501272696415,0.3321672849601598,0.3978987124840985,0.01,1.0,-4.65028233258389,-4.890395584120787,-4.538147869543002
3.9743133389660907,0,0.5,-0.7397647623261163,0.016311592704803757,0.01,0.01,1.0,4.365711466874018,4.442135036573752,3.9746604161974846
1.5713599725343352,1,0.3,0.9999998411517445,0.5688267318890177,0.4999999602879329,0.01,0.9999999999999037,1.3083688992310945,0.855925348540204,1.5410004235926098
-6.63132729970228,1,0.3,-0.34115185506089635,0.17510591681926851,0.01,0.01,1.0,-5.883619030642441,-5.315301764970869,-6.312198949080076
7.086495232384262,0,0.5,0.7196582042550193,0.4025197015639813,0.4184890942132222,0.01,0.9999999999999983,6.553193297648446,7.422509018174586,7.3604704539908345
4.036182672892832,1,0.3,-0.7799525649668306,-0.8312134690430676,0.01,0.01,1.1585341021791872e-125,2.7352888262070416,2.847025373711035,3.525415990540469
0.2274504031554858,1,0.3,0.22549432847921513,1.2577034922148909,0.18400275157457785,0.01,0.9999999999999967,-0.5088392212561685,-0.8312091272288391,-0.22858597758364177
-1.1654603049220675,1,0.3,-0.9189699463582301,-0.2968717806334523,0.01,0.01,2.1908106794723306e-35,-0.14336329715528495,-0.8621985976979527,0.15819347955886642
-5.991505723503935,1,0.3,0.2875612717830213,0.3347669775297183,0.22333793201530908,0.01,1.0,-5.165455783352162,-6.298371138074079,-5.809580792173993
0.9976203677931629,1,0.3,0.8401828827763789,0.48197750747723894,0.45657575159527164,0.01,0.9999999999955532,2.169993048598084,0.8870333833863417,1.3243273971068024
2.3421955972282213,0,0.5,0.7169358856525415,0.7359473491065764,0.41756706912795505,0.01,0.9999545260640715,3.163355079368296,3.664503028467922,3.3171245577875093
-4.155774921216396,0,0.5,0.8490488158997118,2.015499042290074,0.4591813956445389,0.01,1.0,-3.8985454131791877,-3.99689833509433,-4.129697385936066
5.811020245497646,1,0.3,-0.454815522758604,0.7348657586604042,0.01,0.01,8.307329725596162e-92,6.684764021069801,6.7166439106999505,6.322836942561841
-5.486015232415172,1,0.3,0.7153815931696588,0.37588560626350886,0.41703933166718105,0.01,1.0,-5.480755004625143,-5.98137629117616,-5.428559680433851
-10.615501750212209,1,0.3,0.9286377275446928,1.7196833268366842,0.4814993061070736,0.01,0.9999999950302746,-11.47405570495096,-10.90261677230883,-11.625483112566025
5.198635454463503,1,0.3,-0.884093145365033,-1.748305016592059,0.01,0.01,1.978114937646234e-83,3.750796688954757,3.2174467398299673,3.4654186693605284
-2.0168301905105377,0,0.5,-0.9021651483032828,-0.4862404084480971,0.01,0.01,0.9999999999999994,-2.3550466514724477,-2.3630783016745793,-2.094072285987685
-0.6301479265650757,0,0.5,-0.5892642802297129,-0.32454724547336905,0.01,0.01,1.0,-3.9691001592148005,-3.822835261487853,-4.0733862661637685
-4.187583614125266,0,0.5,0.865421478194023,1.6015881715531304,0.4639281193609213,0.01,1.0,-2.1318381117522187,-2.17918894751111,-1.4795244800109248
-8.029813803587015,1,0.3,-0.9845813104556276,-1.4405104013509207,0.01,0.01,1.4736762062806458e-63,-8.023857422593013,-7.780916561353064,-8.114878728896388
6.276186873621093,0,0.5,-0.006998376430336098,0.09625134313808428,0.01,0.01,1.0,6.521526145814306,6.564057713534048,6.536835704333023
-3.4443449192346076,0,0.5,0.2981484238629933,-1.0183145229443162,0.22967206090022563,0.01,1.0,-2.8229842046932676,-3.4866018376281427,-3.592776718259808
8.304762440739697,0,0.5,0.9001072038725988,0.4545838154177599,0.4737139052144505,0.01,0.9771083708858668,7.216755428059624,7.337300300632794,7.898568104295132
4.0365409310536435,1,0.3,-0.7801767267071559,-0.7894899724961,0.01,0.01,0.7749271399339197,2.664429722320567,2.609684341557953,3.3253991716944267
-1.5737907335872996,1,0.3,-0.9999955167673307,-0.8934563137033449,0.01,0.01,1.1299512020254891e-128,-3.6650346839027184,-2.4400572807259766,-2.8721673080051184
-5.429512005634333,1,0.3,0.7536996482362364,2.2829252359578307,0.42977692844624865,0.01,1.0,-6.098255572753175,-6.595542393651673,-6.671132707516592
-3.6623099336022853,1,0.3,0.4975024793223223,0.2184953506200532,0.3322214728802729,0.01,1.0,-2.5103699530925434,-2.7860872076343206,-3.584100631717934
-6.062615655475848,1,0.3,0.21878550928739857,0.23020608134781587,0.17951108510907587,0.01,0.8570104126646281,-5.455644838127205,-3.9073162703033733,-4.894598652935293
10.435566797940927,1,0.3,-0.8472511326051023,-1.478228867061506,0.01,0.01,1.345097861247681e-78,12.244923145720573,13.761750478752077,13.104563163196072
0.8222061511491248,1,0.3,0.7326491323261421,-0.30057283679750335,0.42284910352422883,0.01,1.0,0.4557808962395531,1.7623563945750078,0.3479218694260894
5.751027712733161,0,0.5,-0.5073937508217429,0.1278390957651634,0.01,0.01,1.0,3.5992780516550584,3.4612173244629365,3.6794930596769633
-6.3367602450511376,0,0.5,-0.053549312424512434,0.5867025279333559,0.01,0.01,0.0003813654533539184,-4.810355501251722,-4.7590408452488795,-4.914370447732738
0.9051756479850194,1,0.3,0.7865336380481281,0.03317382788489853,0.4402568310482265,0.01,1.0,2.834494236364161,2.1421275135679414,2.2219311832266646
5.8893096940428915,1,0.3,-0.38377014056902675,-1.3093067310568225,0.01,0.01,2.8626481375394808e-12,5.467852177709002,6.648726065234049,6.523982832918526
-1.6750538096650793,0,0.5,-0.9945701097119105,-1.4442063079807956,0.01,0.01,1.0,-0.6140021097988788,-0.5861284567862044,0.08281666131698984
5.155572294608711,0,0.5,-0.9033911822103986,0.2753740560797875,0.01,0.01,1.0,6.000103060897414,6.250592566492829,5.8125645434036235
-5.422839560028833,0,0.5,0.7580680959897819,-0.29420674340467223,0.43119381878265306,0.01,1.0,-4.841017625465757,-4.136118774372478,-4.056102710278031
-6.817357723092922,1,0.3,-0.5091289202882325,-0.13569340169235838,0.01,0.01,2.0423123916987592e-46,-7.055818684458159,-7.444689037673402,-8.11322981171999
1.8970030603906807,0,0.5,0.9472647158817713,1.0401973776208542,0.4864591383780225,0.01,1.0,2.2391613092464353,2.007350021536801,1.4725175246647821
-1.8958821728627608,0,0.5,-0.9476233115192706,-1.161040480032177,0.01,0.01,0.9999594150127826,-0.6163227940011704,-0.4432840795844277,-0.7892787731612598
3.210273446359157,0,0.5,-0.06862681036574132,-0.4961447030245051,0.01,0.01,2.0375895654012076e-62,2.986901015537015,4.126330389932224,2.8559893988987692
-9.889439657602244,1,0.3,0.4481203931241257,0.5823025859788786,0.30944968060104866,0.01,1.0,-9.583622710772852,-9.859888245936718,-10.694660964338448
3.561323177352591,1,0.3,-0.4075143824854214,-0.5777438512533355,0.01,0.01,0.9999993409739475,3.0198954226174544,3.3031716650609106,2.9779374851605356
12.991519636346574,0,0.5,0.41245654196718856,0.1300943801810472,0.29201361579078583,0.01,1.0,11.397334152501864,10.893094013225157,11.485065086901516
-0.12312990715740313,1,0.3,-0.12281901470170528,-0.23649321780602933,0.01,0.01,1.0,1.5789288892728064,0.4871767375368171,1.5178334310791466
0.17071064454920787,1,0.3,0.16988270673056305,0.7787434184087297,0.14521345238560648,0.01,1.0,0.24025572431944234,0.5170047426412138,0.16934515782188733
0.8977474231933957,1,0.3,0.7819246992747647,0.8985027545515272,0.43880905831374606,0.01,1.0,2.2953563975289963,2.0262316341161117,1.7284807037425447
-9.309878553958935,0,0.5,-0.11464675906343026,-0.06589038566071734,0.01,0.01,1.0,-7.585536917451481,-7.548524592118943,-7.747162667578484
2.1307331984515496,0,0.5,0.847288642229842,1.8249194814182303,0.45866608112043017,0.01,0.864752498596332,1.6026553995153616,2.6229598037638313,1.87733460526646
-8.027048720079824,0,0.5,-0.9850612351882311,-1.1746708245966133,0.01,0.01,1.0,-8.672699255667784,-8.83793003764315,-9.612390236530993
-2.138397990619022,1,0.3,-0.8431927716727282,-0.05839531516531038,0.01,0.01,1.0,-1.8430964512820653,-1.9539238429999775,-1.2710006677823782
6.214347748018685,1,0.3,-0.0687832063211233,-0.4389408454288927,0.01,0.01,0.9999842789986437,7.2939230732238585,7.0325822092337456,7.574315066650101
-3.676084780500382,1,0.3,0.5094040664080628,0.8003263076493937,0.3374868782620246,0.01,0.9999999999999999,-5.108410951093891,-5.264887250892177,-4.700610371365835
2.506244947837,1,0.3,0.5934574065530771,0.41648644653044564,0.3724338059570903,0.01,1.0,2.9943175814354683,2.8827442800862246,2.8975262478948354
5.063695269781853,1,0.3,-0.9389239877356562,-0.9764409434523609,0.01,0.01,1.0,5.739461843487643,5.6908621211824855,6.2233514617799495
1.393704280479999,0,0.5,0.9843601419782313,0.529521316448064,0.49605921886584126,0.01,0.9999984701010389,1.8718772580444543,1.9163245545859533,1.5743632245086232
-6.854742350473039,0,0.5,-0.5409422703339478,-0.7498122169618062,0.01,0.01,1.0,-5.200255833779674,-6.758268039846515,-6.672905447123959
-1.6623763767570696,0,0.5,-0.9958094772462596,-1.4912020365059773,0.01,0.01,3.464936729634095e-85,-2.221422691596855,-1.1707473335989662,-1.4452360312647743
9.79705671194143,1,0.3,-0.3637390332767404,-0.14308801532284163,0.01,0.01,1.0,9.6131682088071,10.16963948540261,9.468100239041465
-10.125228814987356,1,0.3,0.6445624540773212,0.19281833458993747,0.3919355281882267,0.01,1.0,-10.208870536026824,-9.747729510766336,-10.842503364198285
-1.3789300693308773,0,0.5,-0.9816500658803841,-0.6022464669951557,0.01,0.01,0.9999999999999968,-1.8056693324693431,-1.1806136969040322,-2.0009717799431956
-2.760540357440539,0,0.5,-0.3718974940874552,1.287728695305821,0.01,0.01,2.797238055643532e-79,-0.9355780805078515,-1.6148521850553526,-0.6184179024575904
0.6037368154856935,1,0.3,0.5677226508541787,-0.2840085432923063,0.36213207134875114,0.01,0.9999999999997176,1.1840694023923182,0.6160351633251676,0.5126692680941585
3.741078085936152,0,0.5,-0.5642177076499675,-2.24156081957583,0.01,0.01,1.0,4.383266555131935,3.4468654398841654,3.656092336967035
8.043454840110266,1,0.3,0.9821035885608789,0.4408466057556705,0.49548550046970175,0.01,0.9193746351641434,8.06465387446255,8.86177306567093,8.170729810191236
-1.3511619600457905,1,0.3,-0.9759771761026267,-0.5688567522688452,0.01,0.01,1.0,-2.864601060393859,-2.6183750522200278,-2.560550712715831
4.061706649884102,0,0.5,-0.7956706761196082,-1.298536735836234,0.01,0.01,1.0,2.9816110528257442,2.9265522300823896,3.5577158993877744
2.4987007243258645,0,0.5,0.5995125450767513,1.0078533381849972,0.3748095298921111,0.01,1.0,2.7484890592554487,4.227687237884487,3.2343977359262137
2.3717364893590016,0,0.5,0.6960319701932499,1.367232752785267,0.4103884728740947,0.01,1.0,3.2970443553519084,2.5615693575016993,1.9966626396082217
-2.819619657632362,0,0.5,-0.3164387847850962,-0.49397782420364067,0.01,0.01,1.7376669543329926e-07,-2.356068656718119,-2.5189770725750056,-3.747300295240878
-4.986607343879504,0,0.5,0.9626371546058919,1.5882627846653574,0.4904814689494628,0.01,0.999999999999871,-4.888107560913694,-5.484607479354453,-5.038739307022256
-5.5002155631034855,1,0.3,0.705387546123352,-0.5376697694308284,0.4136230194285298,0.01,1.0,-5.689111632078879,-5.985381708714016,-5.654390766946633
-3.7821860469956166,1,0.3,0.5976712945270749,1.054763696258586,0.3740890235522389,0.01,1.0,-2.378319394307253,-3.0551064398904235,-2.823164632400346
1.608432879331133,0,0.5,0.9992918285568472,1.564484664013643,0.4998228944286578,0.01,1.0,1.9571970503986045,1.5530415418689894,1.9017156795096422
3.8047469656416477,0,0.5,-0.6156056797007827,-0.6859153305453776,0.01,0.01,5.595444572254992e-16,2.0078420373164727,2.247705967101512,2.087852641200774
1.617344239284476,0,0.5,0.9989168415166474,1.7085243501329437,0.4997290636456565,0.01,1.0,0.89635910857718,2.1735019943927085,2.108744192512504
-2.7447754809787046,1,0.3,-0.38648479662153773,0.4027630797904634,0.01,0.01,1.0,-2.1495531284835083,-2.239862833809133,-2.050198864497972
9.029850549662374,0,0.5,0.3847411884956537,1.751451728753917,0.2778433917414029,0.01,1.0,9.644143249959692,10.04914223988268,9.62869892426315
7.5943281181577,1,0.3,0.9664789944695934,2.029745023391056,0.4914768971281466,0.01,1.0,8.143593411630922,8.601270395758814,8.27678869897063
-1.7700005637508667,1,0.3,-0.9802243612278989,-0.9498117763043183,0.01,0.01,1.8908795412124176e-30,-2.2626483820648478,-3.095405137865165,-2.452582857365635
-4.11715702992833,1,0.3,0.8280184663017416,0.7506706205325239,0.45295957429626144,0.01,1.0,-4.163914260753119,-4.465643812729426,-4.9136262864606115
0.6510747707898479,1,0.3,0.606041663649134,0.5632638275348195,0.37735114683894877,0.01,1.0,1.4322751938966447,0.6920118733220523,0.7065913699613466
6.336493225271765,1,0.3,0.05328267385759666,-1.4115959879699587,0.05058724991881947,0.01,0.9999999901634312,5.742426002765576,6.438039119572779,6.594435272480144
1.6638248862705853,1,0.3,0.9956759633746318,1.3780721809874406,0.49891664861813123,0.01,1.0,1.5799520252412877,1.3355951613726762,0.7157845358564467
2.7827435245502214,1,0.3,0.3511969037422477,1.6379920132602919,0.2599154148219107,0.01,0.019773763240045646,2.8238655485356454,3.7270999120974313,2.312822557402371
-1.0604006113781286,1,0.3,-0.872551260056254,-0.562631461551663,0.01,0.01,1.0,-0.6032755016890445,-1.1240510093324083,-0.8170095169340195
2.2813544760111535,1,0.3,0.7579979373745307,-0.020578091025807876,0.4311711187252911,0.01,1.0,1.4300412858344842,2.8444118836764702,3.485005976732766
7.722722257280692,1,0.3,0.9913978492168275,0.4465827687645012,0.49784017272426107,0.01,1.0,7.929446774417396,8.96815184277957,8.264630906051984
-1.1983439073885538,0,0.5,-0.9314377101168233,-1.5950049112698372,0.01,0.01,1.0,-2.3750530765339075,-2.212353039849905,-1.6879396339880681
0.7165386625393627,0,0.5,0.6567784738414839,1.8284911666291799,0.3964190048405486,0.01,1.0,-0.5341499861205349,-0.3352707407096017,-0.27109744325980345
1.2690823827481368,1,0.3,0.9548285810747911,1.2300010086292097,0.48844619437158704,0.01,1.0,2.086791369468692,2.0739530448357844,1.5817307860088015
1.4186267788551865,1,0.3,0.9884445379566648,1.3379619853474285,0.49709434640424777,0.01,1.0,0.06473185887373645,1.1122616230498168,1.2631030340947975
-7.059444380356137,0,0.5,-0.7006150288519657,-0.4506317707916023,0.01,0.01,6.224936734240044e-78,-7.579698611648759,-7.3919536982865655,-7.03436551356739
-9.384343279369473,1,0.3,-0.040423664096156296,-0.6492056365228853,0.01,0.01,1.0,-9.873728543650184,-8.610634775452976,-9.789458711616446
-5.098275354609196,1,0.3,0.9264651827043187,0.4094639953691317,0.48091457401984933,0.01,1.0,-4.6680135224311465,-4.762684335054275,-4.958588159641021
0.8397114770083408,0,0.5,0.7444505106080977,1.2258053094224235,0.42675358577446254,0.01,0.9975786595406063,1.7658365884827676,2.1419988539915114,1.9262011908587264
2.769280830016056,1,0.3,0.3637698400495497,0.4109898491765872,0.2667384402901394,0.01,0.9999999999999909,2.9061210822840526,1.5141610233995697,2.4129073835105705
-2.6533727988681206,0,0.5,-0.46905446264150774,-1.7829284550818754,0.01,0.01,0.9999999981126148,-1.5994728443917166,-0.9749320246906434,-1.0052988658793467
6.886287414336534,0,0.5,0.567200032012132,1.1230050518213903,0.3619193596390516,0.01,0.9998479052069045,6.976317952915754,6.797944730466125,7.065422368462929
-0.7158798716309355,1,0.3,-0.6562815479520774,0.11969326242317557,0.01,0.01,0.9999998714154874,-0.4069843607975795,-1.2708646795072243,-0.33290834920425194
0.10157999117312294,0,0.5,0.10140538918044548,0.10592513172335932,0.09206908752816356,0.01,1.0,0.6734143972078879,0.18874771857941222,0.20406032771570434
-0.9698193527633121,0,0.5,-0.8247835800813778,-1.0482042295758476,0.01,0.01,0.001961661806023423,-2.1857304523608896,-1.0789690365784534,-1.3478107698993584
0.6701339637333257,1,0.3,0.6210909851406738,1.369166268879316,0.38313147801927805,0.01,1.0,1.1206426991144793,2.053001071704587,2.1453264401263725
3.5223703702180176,1,0.3,-0.37164259509496,-0.4788492965222944,0.01,0.01,1.0,4.029117460914236,3.625235327354895,3.3383729927151355
3.328267189561656,0,0.5,-0.18559223696905303,-0.619629887764174,0.01,0.01,1.0,4.402068078690839,5.24279376757738,4.021035790260404
-4.4921147030479505,1,0.3,0.9758375571841053,0.13316444714797326,0.49388551889601434,0.01,0.9398010003987812,-5.415086298494216,-5.255365347734124,-4.5786894110168
7.6183188823926375,1,0.3,0.9723598107035439,0.7033191464459347,0.49299311688809033,0.01,1.0,6.907094028990396,7.668708891141191,6.965778555983224
-5.4751322871345875,1,0.3,0.7229433628018497,1.7455417235582797,0.41959786862999343,0.01,1.0,-6.368456473865533,-6.0481722356869625,-5.593973952217063
0.39613507045306195,0,0.5,0.38585560682125536,1.2087898115397742,0.27842410487936364,0.01,1.0,-0.11997177802790782,0.5819005986531114,-0.599842444841089
-1.371982867611763,1,0.3,-0.9803016171484267,-0.91492281316195,0.01,0.01,3.5243503601565005e-16,-0.782012987664252,0.17234032119049147,-0.3384935947371477
-5.244958386592437,1,0.3,0.8615053033797466,0.8582880043402291,0.462800348629466,0.01,1.0,-6.012747228975363,-5.809311639747413,-5.459010666870555
-0.3756029398691576,1,0.3,-0.36683350261914843,0.1752142768583566,0.01,0.01,1.0,-0.7721549876935695,-0.7844207000935466,-0.6191774284945158
-3.704068866461992,0,0.5,0.5332825512709699,0.6056205665587465,0.34780448706529715,0.01,1.0,-5.707992500701083,-5.449918554982361,-5.981736888161293
0.3645362163802612,0,0.5,0.35651602480415795,-0.5371995869200927,0.2628174074505524,0.01,1.0,0.7787282012127266,0.8089818141110032,0.573847487158432
2.015429806096835,0,0.5,0.9027683764881793,1.0047982463831173,0.4744499580944069,0.01,0.9999999995438725,2.334858756380258,2.538907385650361,1.9947257213202125
7.359646844866358,1,0.3,0.8802845113458067,0.9764154370309523,0.4681655919804106,0.01,1.0,6.333097347410904,5.923756394715975,6.52001420714874
1.5369210931370725,1,0.3,0.9994262891380669,1.006494350730554,0.4998565311296921,0.01,0.9999446671000258,2.617593902642594,1.9645562358616853,2.082464667969157
-3.0561267015241245,1,0.3,-0.08536194339653755,0.055649194858664375,0.01,0.01,2.934068063218776e-18,-4.298107992984039,-4.212284370775424,-3.98479830015173
-1.9580990535980078,1,0.3,-0.925931166150359,-1.3054485569658147,0.01,0.01,1.1748658276089431e-48,-1.5187283133281768,-2.138797976336101,-1.6505132586067948
0.6998905305728181,0,0.5,0.6441339565417226,0.7537864775481303,0.3917770531888997,0.01,1.0,2.595945596971494,1.9980837670732057,2.414630089420629
0.46730414731075587,1,0.3,0.4504811058209178,-0.42767077086913263,0.3105735772862498,0.01,1.0,1.016757178032504,1.6733813037330703,1.1895647648761063
7.297946341142104,1,0.3,0.8493544442706312,0.34510384608168987,0.4592707725130587,0.01,1.0,8.045561553886118,8.32208959846141,7.426058484533989
6.976764648784774,0,0.5,0.6392936517237257,0.4668620544233902,0.38998116722498444,0.01,1.0,7.526543170622909,7.821330140260082,7.776815493758394
-1.7946796312113065,1,0.3,-0.9750426411179642,-0.6450192253380995,0.01,0.01,1.0,-1.9426787231112934,-1.7574309339014584,-2.39660126913264
-2.7432106409309913,0,0.5,-0.3879275682043807,-0.5981726086747734,0.01,0.01,1.356485398565258e-91,-2.38754934019334,-3.7270492452589967,-3.2036324715690085
-12.785273020339291,1,0.3,-0.2171583526395567,0.02394823665888407,0.01,0.01,1.0,-11.096581922812685,-10.809449723902198,-10.606865151138223
-2.7446020666111,0,0.5,-0.3866447301485191,0.33649743533315646,0.01,0.01,1.0,-0.466019354476384,-1.461842253811008,-0.9295483101717636
-4.890288530421419,0,0.5,0.9842175648682377,2.695580922530086,0.4960230079071974,0.01,1.0,-4.549100490607039,-4.580701803779112,-4.447306625437449
-1.7741222904740936,1,0.3,-0.9794003913209842,-1.1399618499614281,0.01,0.01,0.9387524587071742,-2.05238501493063,-2.5197648273957083,-1.9628651218355633
1.9579212117505553,0,0.5,0.9259983210043463,0.4708114964428792,0.4807887477915702,0.01,1.0,1.5759007831206002,1.26772632385359,2.0644536692977327
0.8859616459949394,1,0.3,0.7745236295050091,0.7956597695150626,0.43646847899177144,0.01,1.0,0.6134597474562762,-0.006837572512928158,-0.5267162868619709
-0.1498400352377113,0,0.5,-0.14927996203186816,-0.008971588075291387,0.01,0.01,1.0,-1.6088419072644369,-0.3229762127621789,-0.5783361635831709
0.9979105554425685,1,0.3,0.8403402170796535,1.1394643128961595,0.4566222100026421,0.01,0.9999999999999771,1.107610904796679,1.3172152228192766,0.5697733244327681
-0.6305888661549586,0,0.5,-0.589620475819789,-0.015058380446649866,0.01,0.01,8.826522309555842e-127,-2.0465545347869263,-1.9996683611060702,-1.8984376596957664
0.9850946627173804,1,0.3,0.8333244222168629,0.6786515326163487,0.45454280329130387,0.01,1.0,-0.1962772126732455,1.0075862364672858,1.1882472832234807
-16.15527503959656,0,0.5,0.43254335794243415,0.9465637254296148,0.3019408491507701,0.01,0.9999999778289069,-16.474273228749713,-16.528374888183272,-16.136077042911413
-1.3464674487537711,1,0.3,-0.974943619110587,-0.9300488935388346,0.01,0.01,1.0,-1.9773880238386143,-2.357116302130151,-2.437864793125213
-0.554253605265035,1,0.3,-0.5263087922669472,0.1459503421579439,0.01,0.01,1.581788124554492e-56,-3.379565693867096,-2.2853345455414256,-2.3462976483331888
-1.706308581032929,0,0.5,-0.9908322567419175,-1.1879825607262033,0.01,0.01,1.0,-1.1697662418891845,-0.9587806468254636,-2.050329328036571
-1.0897313105147088,1,0.3,-0.886502617491213,-0.8096814602693944,0.01,0.01,0.9999999999989945,-2.1917107083938947,-2.587207212710682,-2.1470942710277
3.516550589033651,0,0.5,-0.36623338737190997,-0.17513341665235188,0.01,0.01,2.02682008317297e-167,4.392001097877246,3.4811505253411985,4.477678923725153
-2.990526656704127,1,0.3,-0.15049207425673694,0.46981755898915745,0.01,0.01,1.2649486773835572e-33,-3.2145928534803074,-3.340516196885229,-3.210951154810042
11.00351049608564,0,0.5,-0.9999685084624402,-1.0028701260666726,0.01,0.01,2.5134753573928174e-42,11.13946244615,10.49799973513512,10.110097567791001
3.441484651110442,1,0.3,-0.29541702622854693,-0.8631883559517217,0.01,0.01,1.6693732545968442e-38,3.141347673837329,3.1890683736515997,3.5685761303743604
-0.03153625456936086,1,0.3,-0.03153102750928456,-0.9602613357023264,0.01,0.01,1.0,-0.7889114290573468,0.5451595650813117,-0.8979473796674838
-1.0333115159878326,0,0.5,-0.8589991162833841,-0.12784373530616266,0.01,0.01,1.0,-0.11331938862980295,-1.0312387812935428,-1.867644215714662
-0.43261143191067586,0,0.5,-0.4192430804553015,0.03349936727833036,0.01,0.01,3.1557185647586187e-21,1.7248906309325798,0.7086029035321303,0.9273697457945008
-4.576535349719894,0,0.5,0.9907860797742399,2.165960446101557,0.4976858587872975,0.01,0.9999999999999998,-5.2262037313647225,-4.825679395493822,-5.021884527819144
-0.4760126962900474,1,0.3,-0.45823879595241096,-0.4075928285401401,0.01,0.01,1.0,-1.1464096051243222,-0.8278965577986707,-1.3340321771483863
1.393417583635272,1,0.3,0.9843095947578034,1.0317411392469091,0.49604638175321836,0.01,1.0,0.7819008381494704,0.8313295283392672,0.6366097347839428
2.8977080778661484,1,0.3,0.2414740593984934,0.33971713254148045,0.1945059242844671,0.01,0.9958457878655548,3.6150133732447705,3.2703657581397096,2.6570118988487903
2.898448895721668,0,0.5,0.24075509816626564,-0.13828113144636064,0.19403917704797824,0.01,0.5060697743465423,1.5046001018010025,1.750211473565326,1.549912835724339
-1.3743877328296734,0,0.5,-0.980773758001716,-1.4784337565937204,0.01,0.01,1.0,-1.539341379012287,-1.2138725579653311,-0.8731034468828515
-7.080411262609651,0,0.5,-0.7154206377726641,-0.4054275670927003,0.01,0.01,5.4382079280873935e-21,-6.763558042771696,-7.19837396543023,-7.032064056290155
-3.3455131311672277,0,0.5,0.20251012320883058,1.0374930458661074,0.16840616914595588,0.01,0.9999999999587817,-0.6304091339314666,-0.9474045026405387,-0.6922699111087933
8.060965214061941,0,0.5,0.9786552669183199,1.405612251453075,0.4946062526811647,0.01,1.0,6.9335454521307796,7.383878489280044,7.0510399015434615
4.480291567049739,1,0.3,-0.973186090610107,-1.2366398327470465,0.01,0.01,1.3350057081780675e-05,3.955669216059949,3.5576932683774953,2.569066162137889
1.8480979315208703,0,0.5,0.9617976552996736,1.262069542351297,0.49026343399964695,0.01,0.9999999999909858,-0.23404358681993154,-0.8309271644635685,-0.5289602051931648
-3.806471223800619,1,0.3,0.6169635730396775,0.7136167935437726,0.38155687816755673,0.01,0.9999786143380385,-2.0334693357337734,-2.393245425847301,-2.832523605272311
0.018225774868889856,0,0.5,0.018224765849433246,-0.3801254541720802,0.017898568627163186,0.01,1.0,-0.23357419776372487,-0.3037494731656911,-0.41849427581980736
-6.278343428312409,1,0.3,0.004841859948533545,-0.6647538570705558,0.01,0.01,0.9999996706440774,-6.7608824145600686,-6.6523430687641145,-6.837713066331897
-2.759684378480368,1,0.3,-0.3726919405906906,-0.8276351100136414,0.01,0.01,2.3481864545813485e-126,-2.607724000529813,-2.4522042462324496,-3.11772390926856
-1.2260167084259752,1,0.3,-0.9411499620881609,-0.28635760986996905,0.01,0.01,0.9999999999999984,-3.4441686173223256,-3.183205934354118,-2.0878169038450314
-1.808199659326065,1,0.3,-0.9719519341260208,-0.8330393947966216,0.01,0.01,0.012077820073089723,-2.4893256417681577,-2.478092852759524,-2.0508667496160036
4.78300965528006,1,0.3,-0.9975073963396801,-1.3311379567735946,0.01,0.01,0.994621917401154,5.518248176886375,6.179500627863888,5.344144308076763
-7.093629570177262,0,0.5,-0.724593421524644,-0.6704534203180401,0.01,0.01,1.0,-7.642551565962308,-7.257947348570706,-7.357912116217858
-4.32716135757577,0,0.5,0.9267129228385945,1.358648005205949,0.4809813189363382,0.01,0.9999999999979503,-2.774813582917835,-3.4698891585556773,-3.248076720763848
-6.873439855111096,0,0.5,-0.556572519116963,-0.938513971364078,0.01,0.01,0.9999999999872665,-6.696809785397042,-5.809184487584786,-5.525573108484795
-6.186766063439269,1,0.3,0.0962699168451962,-0.32274605936291517,0.08781588855620348,0.01,0.005080886409688344,-5.982849302127584,-5.601344068296439,-5.139901906714137
0.6202794822332445,0,0.5,0.5812626024105808,-0.6748429608446135,0.3675939730216005,0.01,1.0,0.9153826639258056,0.8683773605994756,1.7651783254845117
-8.002202665281358,1,0.3,-0.9890353589589085,-0.39281249394657547,0.01,0.01,1.0,-6.493455524989601,-7.746206432499996,-7.382007950384412
3.7693438941881836,0,0.5,-0.5873262103896596,-0.17160225147053265,0.01,0.01,1.0,4.4838698973038325,3.5036661363940285,3.989857383925194
-1.2340788847053776,1,0.3,-0.9438442750807,-0.577204782031788,0.01,0.01,3.2685783021908513e-09,-1.857140736314284,-1.2918012789244666,-1.4625123487238767
0.34394166262988746,1,0.3,0.3372005127108212,0.6449771135342346,0.25216899747311355,0.01,1.0,1.7368170678270975,1.28615179783132,1.9892537164937134
1.6128836899860188,1,0.3,0.9991144576582215,-0.11144318088587479,0.49977851634797943,0.01,1.0,0.14682775652578717,0.17203078411384243,0.7974820712073659
-2.1708326012579553,1,0.3,-0.8253151322641368,-0.7652802887296476,0.01,0.01,0.999999999995737,-1.2968600746675991,-1.0809193666518442,-0.8199242060213621
5.162398578766888,0,0.5,-0.9004429273457588,-0.5822674483499182,0.01,0.01,4.162760993048141e-36,4.497245074133045,5.2001681162678395,4.737747028536741
-0.9717136336381751,0,0.5,-0.8258532180018273,-0.775837663605711,0.01,0.01,1.3344821977530764e-16,-0.7285257894530401,-1.1918131573181174,-0.6010360524649994
2.97035127619535,0,0.5,0.17040570104621836,-1.49223470183991,0.1455954126794613,0.01,1.0,1.487353716724158,2.4564251737655587,1.6762522505633977
-0.9955619137862612,1,0.3,-0.8390647974157557,-0.9074240866247935,0.01,0.01,1.2257044372127413e-42,-0.6663405508281905,-1.7205171757371351,-0.3508073551404495
1.4543719371246169,1,0.3,0.9932303326296559,0.852308735363259,0.4983018351518329,0.01,1.0,2.5279280078328847,2.4311152634783286,2.3829598127936764
1.3983133507898071,1,0.3,0.9851616534808023,1.5534285366687306,0.4962626855870453,0.01,1.0,1.870604915550426,1.7623594140820658,2.1502285748336556
1.2498496972776554,0,0.5,0.9489372148270683,0.8754470697193076,0.4868998383363872,0.01,1.0,0.9042315361826816,1.4421231895590674,2.2391795664019374
-4.871539248104598,1,0.3,0.9873623047710873,0.7024468588311639,0.49682048532404655,0.01,1.0,-4.28567656597282,-3.562926729017902,-4.079838315710933
2.1793788527372,1,0.3,0.8204592189050823,0.5352228184731724,0.45068805188536365,0.01,1.0,3.2582081933191507,2.5031427672371134,2.812082089070612
-1.594784945497979,0,0.5,-0.9997122868838906,-0.48858240479380544,0.01,0.01,1.0,-2.486796419835363,-2.1055473601211965,-2.7503750672964866
3.1524401524495897,0,0.5,-0.010847286126713582,0.46468606618490355,0.01,0.01,1.0,3.2081956888989454,2.4171127863453563,2.5689039812226993
-10.76246722206152,0,0.5,0.9729533552324757,0.8216517420255269,0.49314564515785586,0.01,1.0,-10.277352818972702,-10.111404027434512,-10.012538944794995
-7.325581110274754,0,0.5,-0.8636145550982728,-1.1456676550742535,0.01,0.01,1.0,-7.898519328836021,-7.048542024087792,-7.730896345012444
1.8172278106751434,0,0.5,0.9697891156458432,-0.6579460873346855,0.49233144195127426,0.01,1.0,3.0621456909011577,2.392561088065843,2.036065313988222
9.314637925526144,1,0.3,0.10991748864429382,-1.0083396733891052,0.09903212605339906,0.01,0.9999999999998819,7.856451766678339,7.817598036804563,7.627398389160835
4.175293734056183,1,0.3,-0.8591984991768338,-1.3167933299841381,0.01,0.01,0.9954477657818075,6.356890978572466,6.313435928226173,6.153071978332362
-3.4122546709999027,0,0.5,0.2673694113051793,0.1656319155280536,0.21096407165913322,0.01,1.0,-4.697074562588056,-5.178541273975547,-4.886238246551152
-8.46026207688978,0,0.5,-0.8217731562003385,-1.3810679170839193,0.01,0.01,3.914659808563274e-16,-9.573568474489873,-8.611944458305201,-8.371342479851124
3.7134311058080915,1,0.3,-0.5411789306247501,-1.3705052896381704,0.01,0.01,3.5568549435730086e-23,4.687576365745663,3.4076880411894486,4.691089809811823
-0.40291611021475404,0,0.5,-0.39210259812800413,-0.41814581397503664,0.01,0.01,1.3473517389377646e-27,-0.7130719916514445,-1.253709093668973,-1.1940371070430058
2.9535210894719266,1,0.3,0.18696481277659519,0.1750221661459874,0.15751504237032912,0.01,1.0,4.000217154906158,5.002804243461588,3.589556007797065
0.5764936110539552,0,0.5,0.5450876105035634,1.4708554892589878,0.35278750978134665,0.01,1.0,0.3918910071839272,-0.4417409975495489,-0.34529501884618286
0.14821462560247617,0,0.5,0.14767256867231446,-0.10597887418378507,0.12867134120243856,0.01,0.9999999999998475,0.37101880235479356,-0.6773006612930332,-0.6371925816947719
14.793127229465881,0,0.5,0.792462594034174,0.626530447667944,0.4421083021044429,0.01,1.0,12.732672742637002,13.630959254492952,13.54322372748172
-0.030649805227894903,0,0.5,-0.03064500666150688,-0.5377001492077871,0.01,0.01,1.0,0.9745265251585615,1.3308605452252278,1.186454257125993
-0.7962260462663242,0,0.5,-0.7147216497066518,1.1264823577488834,0.01,0.01,1.0,-3.0119541492911495,-2.2108014479221465,-3.7135591152657277
-0.6072433770201103,1,0.3,-0.570605825800646,-0.21747303293618575,0.01,0.01,1.1123496109446278e-27,0.99390973328428,0.6455732832002562,0.7500440507156968
-2.9176835835382846,0,0.5,-0.22204279749509964,-0.8077767953285526,0.01,0.01,0.9999935869026026,-2.4871824572808467,-2.570565191101456,-2.0960881903846333
4.9506644735765635,0,0.5,-0.9717464501042651,-2.364739643320899,0.01,0.01,5.515084075542464e-116,5.5229339902348755,5.20569318333542,4.831922144508449
-1.7687716689067459,1,0.3,-0.9804668062309988,-1.6863857982067296,0.01,0.01,2.773269692035088e-09,-1.2952792927143184,-2.9826104835744967,-1.5754621807381262
3.1797135282229467,0,0.5,-0.03811164242127636,-0.688106321616925,0.01,0.01,3.388643012715421e-58,1.6841315345931638,3.7996189639854236,1.868155638335924
1.423015149067782,0,0.5,0.9891002203765431,0.026154313056553136,0.4972601230667519,0.01,0.9999999999472204,0.2458287289259602,0.27663156679982315,-0.1487924939274201
6.094929310662131,0,0.5,-0.1871459898271128,-0.2710782850015966,0.01,0.01,1.0,7.4196926253952284,6.446030863438263,6.909242747627319
2.1008979849418066,0,0.5,0.8627556744738939,0.14370740349805533,0.46316094284215004,0.01,1.0,2.834301247428918,4.486859937306389,3.759179532529772
-6.066923904738236,1,0.3,0.21457961865039035,-0.6645189098543208,0.17666986614580749,0.01,1.0,-6.563262684327832,-5.534960978274079,-7.024433067304056
-6.632438925269703,1,0.3,-0.3421965812092705,0.007022402211348977,0.01,0.01,3.216595052943588e-08,-7.1262883741575065,-8.332071136169885,-6.4912568537917865
7.041845730384507,1,0.3,0.6879498537777622,-0.15612091020800356,0.4075653386491768,0.01,0.9999995292576197,5.5520389295127766,5.196600656831502,5.428399372405024
-3.0435540163222092,0,0.5,-0.097881661783004,-1.9033397485634864,0.01,0.01,8.826941995276955e-28,-2.159414847986354,-2.8976806384177145,-3.240487866784877
-6.60301289894826,0,0.5,-0.31440289994220255,0.34817690960418807,0.01,0.01,1.0,-7.410354960003415,-7.089660726507756,-6.788868131409123
-3.3480929993487916,0,0.5,0.20503586023099804,1.4710456286634004,0.17014917729642826,0.01,0.33296951634958705,-2.9286822465781808,-3.8010054061157446,-1.9517857010057253
6.323126434840036,1,0.3,0.03993050886940958,0.06202584091146271,0.03839728571173586,0.01,1.0,4.991060683481078,4.6028508763405735,4.137523599559135
-7.101064994742561,0,0.5,-0.7296976651855273,-0.24428588700914106,0.01,0.01,0.9999999989414199,-7.147682188837888,-7.46951086045309,-7.830602839235003
-4.332476018798047,1,0.3,0.9286969163879735,1.296429161027873,0.4815152181231353,0.01,1.0,-1.8940826126787695,-2.7605937426660794,-2.2466367121077617
-3.334037543982597,1,0.3,0.19125922085404165,1.4812748551185928,0.16055214306498586,0.01,1.0,-3.728722025574707,-4.262234539934824,-3.0897087404556527
-6.255949367365976,1,0.3,0.027232572684735407,-0.515179785462741,0.026510620290750134,0.01,1.0,-5.611516924695658,-6.442417802289714,-6.124860793575712
-5.921636692558319,1,0.3,0.3537231537877067,0.10499918244595136,0.26129652344202886,0.01,1.0,-7.185800040428304,-6.3135554185093845,-6.516244314323708
-7.590539876318293,0,0.5,-0.9654994471484578,-1.2759648594721047,0.01,0.01,2.429820024178788e-19,-8.886606489610154,-7.899666106594608,-8.605880123536958
-2.3059370656836102,0,0.5,-0.7417363683646875,-0.7034301054709298,0.01,0.01,0.9999999999885376,-1.8552650011599514,-1.2642645751535593,-1.2126482492299535
-1.7745441587004251,1,0.3,-0.9793151172086434,-1.0928561040673845,0.01,0.01,1.0,-0.3740135198814971,0.0626377647146803,-0.5266483849796195
-3.4126907710165293,1,0.3,0.26778960927219075,0.22273659406814555,0.21122559083436776,0.01,1.0,-4.568732291999569,-3.7618926287989436,-3.701727274757289
-8.268489194838205,1,0.3,-0.9153147560315225,-0.8371593532615684,0.01,0.01,1.0,-8.804478861244188,-8.596406546512565,-8.307725232130629
6.266679734279977,1,0.3,-0.016504823463450776,1.0668927949549623,0.01,0.01,3.951364710642468e-62,7.0403596833115865,7.808563568083672,7.096035897119826
-6.645394145860802,0,0.5,-0.3543406173327906,-0.16057077087600546,0.01,0.01,1.0,-9.42321786869744,-9.231654669020182,-10.026865206210239
1.390168560114355,1,0.3,0.9837311101325065,1.4380207498746573,0.4958994216039676,0.01,1.0,1.9656810257185928,2.738934488177712,2.2863694312324623
-5.373832965594376,0,0.5,0.7891060765353668,1.2613872183535468,0.4410616491021503,0.01,1.0,-6.495457773666471,-6.564810671200806,-6.225726321030739
3.3415843337076385,1,0.3,-0.1986611767497539,-0.0034283564488193086,0.01,0.01,1.0,2.2401323473428425,2.5666054220447725,3.231581355473353
4.7791617758358225,1,0.3,-0.9977715250694517,-1.1436714784009738,0.01,0.01,2.179233834157817e-09,4.491378385188039,4.163251194998711,3.52138190332895
-4.388067933138276,1,0.3,0.9478673035550504,1.388648772869969,0.48661800617788437,0.01,1.0,-5.4709900109930345,-5.488923259111253,-5.127840273478438
-9.618578648485629,0,0.5,0.19258981337141576,-1.0452995397145548,0.16148872916075824,0.01,1.0,-8.528733805445754,-9.006620185602268,-9.242416862023408
3.4789365956980385,0,0.5,-0.330981907800013,0.7578851601421756,0.01,0.01,2.296798074863831e-98,3.4747953380111,4.806289417816925,4.85071672545708
9.379002733568175,0,0.5,0.0457592428587759,0.5177755539594282,0.04375695760879394,0.01,1.0,8.355520685236566,9.839647394118057,8.913442620523648
2.07847269946217,0,0.5,0.873876492539854,0.9449111012566448,0.466346899605641,0.01,0.9999999991964703,1.166593672726695,1.4159665963049697,1.6040982025444135
0.8027221073985902,0,0.5,0.7192499412899586,0.7103336539677525,0.4183510052937987,0.01,1.0,1.1001938641005524,0.23494021018226185,2.2662145634745086
4.098803048050946,0,0.5,-0.8175884884152647,-0.6620909691331625,0.01,0.01,0.9999999977487405,4.40875251642325,4.049478341204021,4.632917919712815
3.8252742299850895,1,0.3,-0.6316514495916207,-0.1860117781068456,0.01,0.01,1.0,2.9182890109668893,2.2046730199039333,2.452830772417671
-4.1449441688050515,0,0.5,0.8432770868448927,1.1706318863135372,0.4574879668733453,0.01,1.0,-4.750641678134216,-5.00619144661455,-4.42901421290167
-3.2957565534832383,1,0.3,0.1535539688804977,0.9013970106484807,0.13311381437100764,0.01,1.0,-3.276736193833815,-3.6235131244902017,-3.865934639334882
3.0556177502795547,1,0.3,0.08586902589557918,1.0252028182500348,0.07907862168253488,0.01,1.0,5.343138100133237,4.245332967008713,4.894809009056388
-0.7200667374014634,1,0.3,-0.6594348440637937,-0.060242870312385066,0.01,0.01,1.0,-1.4357422541900304,-1.780537202888616,-1.8736450337453587
6.5830279793177615,0,0.5,0.29536990195743573,-0.7593088960872966,0.228019735143685,0.01,1.0,7.037808969333251,7.514893981325233,8.263620963084552
-3.521710735643792,1,0.3,0.3710301254544316,0.08555826269806377,0.27062142440630377,0.01,1.0,-4.093360728076451,-4.646622383948799,-4.170199126719412
3.7530495843424063,1,0.3,-0.574061022083879,-0.03880625346739841,0.01,0.01,7.137006537442048e-54,3.3929030579525596,4.476085626785694,5.155998975231841
1.713189906846139,0,0.5,0.9898791523320758,2.4962463112115625,0.49745691901539274,0.01,0.9999999721299095,1.2326425674435617,0.33295984434498016,0.5041871160194014
-0.6321878185481717,0,0.5,-0.5909111641172389,-1.005921698174706,0.01,0.01,1.062041285899354e-36,-1.3819179581067642,-1.474451464135603,0.16967578535440941
5.879553859173035,0,0.5,-0.3927605523599783,0.031540667863917404,0.01,0.01,1.0,5.011966299581642,5.506097867224072,4.713631360775205
3.4003576643371485,1,0.3,-0.2558868749092727,0.416677537130894,0.01,0.01,1.0,3.4968478933320477,1.6063432130488513,2.1657451028874712
-5.02483576691052,1,0.3,0.9515843065723538,1.0096281096749753,0.4875957976130991,0.01,1.0,-4.693507356313407,-5.071644563308266,-3.921409993441481
3.201093402099236,1,0.3,-0.05946564591963373,-0.7266278461092972,0.01,0.01,0.9999999999999978,4.207873997441889,4.8076767699654255,3.356062974903887
6.874953157470996,1,0.3,0.5578291314734712,1.6287718654950147,0.35808107590455,0.01,1.0,7.288418902755231,7.318695077342276,8.076737657761978
-0.6522234449231186,1,0.3,-0.6069549568262496,-1.082488118774232,0.01,0.01,1.0,0.8640836789762276,-0.6277710066440778,-0.31055768397265476
-1.2432792519248665,0,0.5,-0.946844001145231,-1.4701578794895733,0.01,0.01,1.8287503862295108e-09,0.6413809527471599,-0.4907883822716528,0.4193921801903313
-3.348235738217623,1,0.3,0.20517556444649027,0.35216955173011877,0.17024537378562163,0.01,0.999999999999998,-3.2041465666879145,-3.2860023389930553,-2.6818916484285027
-0.06801942837675502,1,0.3,-0.06796699024427472,-0.03774485139596358,0.01,0.01,1.0,-3.1485717436768703,-3.1607296942384333,-3.2609907711672426
3.43100343026455,1,0.3,-0.28538755585574754,-0.7878372446146229,0.01,0.01,1.0,3.7240361936973754,4.685209598652252,3.1705382518490675
-4.0883414978937385,1,0.3,0.8115200669287395,1.7296607577945533,0.44797740954898435,0.01,1.0,-4.139786797898408,-5.192088152697565,-3.849622148300905
-6.7317878036862,0,0.5,-0.43370673180243025,-0.06553886894416772,0.01,0.01,2.396495525532963e-46,-6.313416729310366,-6.5937808975929295,-6.540166076084111
-1.8787495549096316,0,0.5,-0.9529559600972063,-0.31271465703497026,0.01,0.01,0.9999994067612772,-0.540625638386304,-2.1045191821315967,-1.4943078435964505
-6.89862489329375,0,0.5,-0.5773175087949448,-0.6078672640095766,0.01,0.01,1.0,-5.967984405020668,-7.186807793312908,-6.106759889580987
2.616092206413158,0,0.5,0.501645990815442,0.4968400423140573,0.3340640829354408,0.01,0.311041222341707,2.0832073206191906,1.7715064009291153,1.8716157175358603
-2.1334488499690054,1,0.3,-0.8458431483753494,-0.12129099403042765,0.01,0.01,8.334708844590107e-32,-2.2182192314730216,-2.4832191078644685,-0.84027397184007
-8.777009222754034,0,0.5,-0.6034086292248815,-0.9712214517746216,0.01,0.01,1.0,-10.438099197477989,-10.880857042547536,-9.494743796564377
-1.7430375736925496,1,0.3,-0.9852031124244434,-1.1803223563957785,0.01,0.01,6.059520512730836e-41,-3.2457439624823197,-3.3584380625868784,-3.229657231521089
-0.9630749289704523,1,0.3,-0.8209512259400548,-0.5655827416388648,0.01,0.01,1.1252101248252365e-48,-0.5819605503801759,-0.2846981357958759,-1.7280631110832365
2.2456780667985847,0,0.5,0.7807808460273862,1.4202516680045263,0.4384485871853199,0.01,1.0,0.7827176580735729,0.4415325098301994,-0.1887885982181996
-0.7268177157710518,1,0.3,-0.664494905588548,-0.16756492442541243,0.01,0.01,9.392857196005309e-26,-0.09933144171093311,-0.38362818600008364,-1.360959184853867
9.343632284199042,0,0.5,0.08105665363252523,-0.5852419282948614,0.07497909879205845,0.01,1.0,7.235301165154606,7.423342343722578,6.712941437433776
-2.5935192576949975,0,0.5,-0.521043782646953,-1.287097058917298,0.01,0.01,0.9999999999999998,-0.4470155084081209,-0.8047346811051468,-0.8423071690562556
-0.31199274291153273,0,0.5,-0.30695578546081187,-0.906812993400661,0.01,0.01,1.0,-1.7716229807149997,-3.740464867169526,-2.347328583479536
-0.5145530713133529,1,0.3,-0.49214584107493453,-0.008014110691175302,0.01,0.01,0.9999999999725794,-0.6800479096550839,0.7187586808644183,0.4994763773155412
-1.4131419220351176,1,0.3,-0.9875982632893787,-0.5041817945706132,0.01,0.01,5.978138075648981e-35,-0.2828335022369759,0.08330059255193367,-1.215254922266036
0.7121279250647,1,0.3,0.6534460312754071,0.8290629754390041,0.39520251578538856,0.01,1.0,1.4462226807760652,2.214096532472752,1.228954505577394
2.7061564859883633,1,0.3,0.4218059086002494,0.5844151215661478,0.2966691206224569,0.01,1.0,4.413007540230798,4.054478935738969,4.330871981833347
6.700493517682173,0,0.5,0.40530113554765324,-0.7624098618470989,0.2884087440729956,0.01,1.0,6.424463905175147,7.788758741514104,7.135222724035408
-7.846280636972317,1,0.3,-0.9999703474691329,-0.8252311492193297,0.01,0.01,0.9999999999999949,-8.337670108290634,-8.79961434474913,-8.595040295805257
-2.551714369030604,0,0.5,-0.5562598804808428,-1.668778115839424,0.01,0.01,9.954676691192241e-28,-1.4036282846843846,-2.4231376679005483,-2.6180543768505764
-2.238857126761216,1,0.3,-0.7850244073941243,-0.33278211105606076,0.01,0.01,1.0,-1.0640061894511976,-1.5004038616738802,-1.7800411765534219
4.68925148680853,1,0.3,-0.9997323401366593,-1.1724021053050766,0.01,0.01,1.0,3.4188292741991306,5.6415379891908275,3.8109834374862905
-1.7833153053667194,1,0.3,-0.9775027063334939,-0.8447912760398917,0.01,0.01,0.8243598636134308,-0.5664400292007183,-1.493814143911918,-0.6796173720738832
-9.475877965396593,1,0.3,0.05107776871933607,-0.06581191733515512,0.04859561322619422,0.01,1.0,-10.66022317255279,-10.190417487319394,-9.628946098566963
0.438652319332882,0,0.5,0.4247197623052652,0.36800978858671685,0.2981075812537675,0.01,1.0,0.13652025499688453,-0.18524395698412305,-1.0092651459576851
-0.1684461577046957,1,0.3,-0.1676507021477438,-0.7777275227677289,0.01,0.01,1.6872013414868902e-34,-0.4642427369082148,0.8617904721343727,1.113684494087653
0.8987578288565762,1,0.3,0.7825541595286184,0.6900999128968733,0.4390072275478902,0.01,1.0,3.0318676015768795,2.008279325233501,2.983810882290273
-5.20081440489741,0,0.5,0.8830728005127153,0.8384746687463693,0.46895308576082445,0.01,1.0,-4.160604789797003,-3.8906209008997443,-2.7407527078482476
8.595173405422518,1,0.3,0.7376644374085135,0.8508538187982518,0.42451489570025275,0.01,0.9999999999999998,8.092043833881384,9.0220256948176,8.592610644204544
-1.6192989189267313,0,0.5,-0.9988239798544581,-0.6136998869290136,0.01,0.01,1.0,-3.0649037096855105,-3.9565409574700157,-2.4494476914519634
-0.9414842924683343,1,0.3,-0.8084326284319334,-0.545340861803026,0.01,0.01,1.0499228285804732e-92,-2.894624903167561,-2.8527571876792055,-3.104283577770288
-4.500042849045804,0,0.5,0.9775391491665668,1.1681994300063132,0.4943210098159373,0.01,0.054923558701414486,-4.415238069014222,-4.284819773317226,-5.3194116553735755
-4.655010019373618,1,0.3,0.9983542790144443,0.6410688086196512,0.4995882309251072,0.01,0.13843821494459385,-6.462981002113171,-5.074976414235181,-5.230135949979968
-6.113684798743927,0,0.5,0.16869003670564658,-0.7501972689755299,0.1443411267380676,0.01,0.42620049324009834,-7.016729517939485,-5.71078796605495,-7.065857247843298
-1.9665542589057843,1,0.3,-0.9227046407954203,-1.4717504801166856,0.01,0.01,1.0,-2.008580371353383,-1.8608739419384273,-2.5492809779215952
-4.78790919378317,0,0.5,0.997149703745695,0.41908217409540705,0.4992864089634946,0.01,1.0,-4.403349413140828,-3.8042794178608914,-5.262639831898177
10.282336706126108,1,0.3,-0.7562475402135287,-0.2926843217990883,0.01,0.01,1.6063744118725916e-13,9.320773731878159,9.151956988969966,10.057475294315829
-9.442461901934076,0,0.5,0.017683019486862135,0.778200297383677,0.017375763521905174,0.01,1.0,-8.346850351610199,-9.200214216735281,-10.5374800640925
-5.6416527409089685,1,0.3,0.5984240044514653,0.162156855047354,0.3743837697537755,0.01,0.9999999999999434,-7.687556108570012,-7.576617481820863,-7.605090692773193
-2.007072142285074,0,0.5,-0.9063316624689792,-1.726582434659228,0.01,0.01,1.0781808475791146e-17,2.141405759293224,1.2424318700767518,2.168398856170174
3.3674563904916237,1,0.3,-0.2239482444457274,-1.1126548131570886,0.01,0.01,1.0,2.054927834527657,2.5997783234688647,2.2373133542665014
-2.068784406900312,0,0.5,-0.8785453508704778,-1.3195683152836288,0.01,0.01,0.9873261669291147,0.2043293023316557,-1.1135214502559636,-0.41764839271599175
3.3798169650148875,1,0.3,-0.23597745884281524,-0.00828330129337862,0.01,0.01,1.8875460863618253e-29,1.7314741880716045,1.900753374721329,2.068241642423934
-4.934019446451609,1,0.3,0.9755403363208631,0.3798144542820694,0.4938093737623476,0.01,1.0,-3.3075940010892833,-3.3559246676411703,-3.9835894136973273
0.29645566947353374,0,0.5,0.29213232926756977,1.130857559359881,0.22608545785179882,0.01,1.0,1.2661616918746086,-0.3605077185064993,1.1076088157419979
8.720205435054169,0,0.5,0.6477082009831545,0.9069891277020249,0.39309642362445,0.01,1.0,9.229321960047015,10.197785584412653,9.110464379004338
-4.838721978497389,1,0.3,0.9920305945843086,1.5759599499573334,0.4979996779574175,0.01,0.9681611004255787,-5.959416821465405,-6.1480320723221356,-6.616642520120355
2.0978383794769724,1,0.3,0.8642986347830139,0.42802205465930515,0.4636052500696112,0.01,1.0,3.1155855177029643,2.5530208277479556,2.8599561807662885
1.0346375964163004,0,0.5,0.8596772835839218,1.3632192126217437,0.46227229378592727,0.01,0.9999999996136812,0.4133271306419998,-1.2425363102154425,0.039392633807356026
-11.25767492993935,1,0.3,0.965847812037604,0.35824333456127955,0.4913136236301534,0.01,1.0,-11.165677457046753,-10.190920049430236,-10.32241760462391
-2.944852732353394,0,0.5,-0.19547318647819278,0.2937102688777355,0.01,0.01,1.6173624785046143e-155,-2.8431626461484587,-2.5411315838323025,-2.5193816682579278
5.6557595265299465,0,0.5,-0.5870627681782167,0.4316964134582667,0.01,0.01,0.9999999999999999,6.787381596565828,5.622888042768168,6.546008617041995
0.6753883624234935,1,0.3,0.6252004668384737,1.4063460983054386,0.3846912916870406,0.01,0.9999999925223295,0.2536800395871494,0.6693597443952822,-0.4732804762221363
-6.061344814480318,0,0.5,0.22002538458068915,-0.15566414904312864,0.18034492344297387,0.01,1.0,-6.48617938470806,-5.678542183771226,-4.501719766889032
3.453886364578214,1,0.3,-0.30724221002877283,-0.7904909248742185,0.01,0.01,1.0,3.948674147374019,4.572438832139965,4.047722844829493
-2.3956147265717633,1,0.3,-0.6786903484753215,-0.7694805498419537,0.01,0.01,1.9419964356062088e-46,-3.763763412787325,-2.5506002270842503,-4.654613553018185
1.8002536404041838,1,0.3,0.9737899719221927,1.8343006025894293,0.493360482003999,0.01,1.0,0.39668524025987595,0.38367724831399985,1.2603209960629007
1.8846005721881531,1,0.3,0.9511661635604105,0.2050102074767005,0.4874859872645394,0.01,0.7527168549281298,2.8575651041944115,2.585741169989328,2.895404003996565
-5.593478005727865,1,0.3,0.6363114123693897,-0.1925423460836797,0.3888693848611656,0.01,1.0,-6.266920676269803,-3.693788829416906,-7.093844851963608
3.949140173671493,1,0.3,-0.722594016836099,-1.842971641265223,0.01,0.01,1.166579753223687e-41,4.341621033213077,5.170065949318451,5.745191453935714
-5.03754400617588,1,0.3,0.9476012139304096,0.9992291558159908,0.48654786572969794,0.01,1.0,-4.324506082727021,-3.2580965210812316,-3.3961817738426645
-6.5289293317082,0,0.5,-0.24327806355162773,-1.444823044102407,0.01,0.01,0.0418871082021106,-6.42877727242775,-7.673499055676762,-8.023581149555005
-4.414144938610185,0,0.5,0.9558539371598497,1.7979474742384687,0.4887143763648691,0.01,1.0,-3.169671576849859,-3.53506511301383,-4.050508479642534
-1.7304501693159722,0,0.5,-0.9872823734160198,0.17293639190327414,0.01,0.01,5.473543781346573e-16,-0.6182828098015536,-1.668341019041364,-0.31635321218381063
0.547015782206312,0,0.5,0.5201407864500793,0.4233782377046533,0.34216619347787003,0.01,0.9994963287492521,2.4191914584453933,0.2829537907152151,0.139131689871152
-3.8629186618622002,0,0.5,0.6603809925981459,2.3525435995981177,0.39772859093309,0.01,1.0,-4.5747243619820015,-4.539326216337377,-4.404735481658835
3.724096561975579,1,0.3,-0.5501166425140599,-0.4222229804236226,0.01,0.01,6.446562949680642e-41,2.2650442025427795,3.084408011575697,1.7263756717029612
1.2573209202179711,0,0.5,0.9512676178772053,0.594247431142728,0.48751263494655567,0.01,1.0,5.425871839674286,5.0076176968841715,4.530523412382064
-3.473991075527514,1,0.3,0.326311102913601,0.040769151513790514,0.2460290818622949,0.01,1.0,-4.963304176309457,-5.730019844685232,-5.18802358672031
4.444964587974278,0,0.5,-0.9644546944110766,0.04879584913049695,0.01,0.01,1.0,7.465433349855534,6.626742126704007,6.0199861441301294
5.805341788232417,1,0.3,-0.45986531554813875,-0.02562590966475159,0.01,0.01,1.0,6.0790451193278585,6.763843929792856,6.642217571863289
-0.4934234840475673,1,0.3,-0.47364377681459646,-1.5856690304935916,0.01,0.01,5.341249758420215e-60,0.39454963798364884,1.1169121790000032,0.6962905957460572
-1.0749152248194545,0,0.5,-0.8795498169862922,-2.2090644126274794,0.01,0.01,3.04531487212032e-76,-1.809375570761473,-2.694915801302091,-2.5022833768351873
-8.868856766281759,1,0.3,-0.5277260001113351,-1.3325880240955552,0.01,0.01,8.749552697466958e-92,-7.031393779380169,-7.5960530075849295,-6.499974390534771
-2.0375629619573448,0,0.5,-0.8930279717220192,-1.312064773050606,0.01,0.01,0.9999998565002497,-5.230367016843964,-4.0499807387740105,-4.0971851519597475
-1.4575335628268253,1,0.3,-0.993592627268665,-1.7050188433255906,0.01,0.01,1.0,-4.2596360328124145,-2.5315754645633937,-2.653654255992752
1.22689703629846,1,0.3,0.9414471387427704,0.5226705156648221,0.4849203050423648,0.01,1.0,1.5914415868103526,0.654479878553963,0.8612966016454162
-0.8421321581523638,0,0.5,-0.7460645625882887,-1.32786207571559,0.01,0.01,2.6940736627876317e-50,3.635942233196567,3.4897732499278424,4.517353347377184
1.220134690702473,1,0.3,0.9391456336875252,0.3254182896286233,0.4843089747218334,0.01,1.0,-1.034276724522006,-0.6882557970923862,-2.22513304602282
7.670451446519323,0,0.5,0.9832055557130018,2.4819316084420437,0.4957658336931796,0.01,1.0,6.728806766863436,7.51696968983334,7.139418797366678
-2.649570493168383,1,0.3,-0.4724091433148222,0.3049318260712566,0.01,0.01,1.0,-2.8047849027673424,-1.6788179701048034,-1.988934025655244
-2.454861412829234,1,0.3,-0.6340127685449185,0.34091616656459056,0.01,0.01,4.738693412927036e-47,-3.2338228042667687,-3.537936283718902,-4.514829971587297
-6.545826571512908,0,0.5,-0.2596321435735825,0.9271768928480602,0.01,0.01,0.10137704351672523,-4.274399507593808,-4.06943572902269,-4.227919086393602
-0.04330233370792784,0,0.5,-0.04328880233261149,-0.09338615711962459,0.01,0.01,2.0793432830626496e-76,-0.12699973186168081,-0.3979307679653043,0.45740626946105284
4.884064912348051,1,0.3,-0.9852998448065833,-0.9246947031119497,0.01,0.01,1.9329657747833766e-05,5.9935467577146,5.322804120795099,5.144520108979325
-8.755351745961848,1,0.3,-0.620536139572386,-1.128625015093622,0.01,0.01,1.0,-8.17853107576637,-6.206422297116669,-7.119335956340662
-3.3292848350969377,0,0.5,0.186592106520864,0.291510270868932,0.15725041949584478,0.01,1.0,-6.9719144851285435,-4.992811794610528,-6.030119014205164
0.17970251251959266,0,0.5,0.17873688432690774,-0.5285532347790909,0.15163425078445014,0.01,0.9839381383300105,2.0014259397249305,1.1401869158082611,0.592390288680084
4.250514417622186,1,0.3,-0.8952187150658147,-1.7728858332097923,0.01,0.01,1.8573116303093063e-08,3.9378279746056646,5.194476857608265,5.4554432357732185
1.9143511951343262,0,0.5,0.9415632084887772,0.39919278131194025,0.4849510973282432,0.01,1.0,1.4785884174765545,2.4588621946408304,0.9841340009453865
1.627318140910653,0,0.5,0.998403067477871,1.615103259185453,0.4996004478405489,0.01,1.0,2.9553420213021777,2.4378713448264318,2.4899909563523606
-1.1215639298545046,1,0.3,-0.9007807179164845,-0.8476563496556647,0.01,0.01,1.0906389639260385e-35,0.7371937485609943,1.0954621206323134,0.07901857807679047
2.409371285093576,0,0.5,0.6685232952578152,1.0948044563201103,0.4006676425542606,0.01,1.0,1.260833758884822,0.992490064287811,2.2602289786294074
5.0715194176673055,1,0.3,-0.9362027943447107,-0.9268391191342107,0.01,0.01,0.9999999999999999,6.624790086283311,7.156856904335536,7.323780022450448
-8.544958882746016,1,0.3,-0.7706235916409676,-1.27382412057419,0.01,0.01,6.995001254731341e-70,-7.008399152337528,-8.11741106516224,-6.8578992001072185
3.6426770041756686,0,0.5,-0.4803768637247288,-0.11305085473938425,0.01,0.01,1.0,4.556992647847563,4.631725810474129,4.6149897044791945
-0.4937990293335661,0,0.5,-0.47397449234081607,-0.4069178822533855,0.01,0.01,5.187347817145697e-05,-1.6923455804729706,-0.03902176116910894,-0.4021051892604131
-2.6499443210725717,1,0.3,-0.4720796261092825,0.24867475383940646,0.01,0.01,2.477605175628356e-27,-1.350002731621681,-1.133861906452497,-1.6096941178234887
-12.215378929396575,1,0.3,0.343829200486832,1.0859810910788983,0.25585781315235023,0.01,1.0,-10.987359925778279,-10.775337478731357,-10.60871916500516
-6.901756618271496,0,0.5,-0.5798717888188676,-0.7894003037628206,0.01,0.01,1.6216617774000564e-29,-5.67129400807886,-5.449060019384705,-6.585229524736468
8.490294961236254,1,0.3,0.8042919661915384,0.8707292474662941,0.4457659742781103,0.01,0.9999999884727938,8.215403809791965,7.432057322026199,8.147796637504193
-3.442742662317772,0,0.5,0.296618656304146,-0.33647589794821736,0.22876321797622556,0.01,1.0,-5.172492708329184,-3.9813051813851503,-3.639563674861413
-5.42384385626541,1,0.3,0.7574127364949275,0.2864945364527739,0.4309817043920767,0.01,1.0,-4.349308700318915,-4.769314902627651,-6.050476724334419
-2.282129780717962,1,0.3,-0.7574920117276522,-1.0732872314764434,0.01,0.01,1.5771091041683848e-22,-2.795735998462153,-2.5655038600675475,-1.4297997059345047
-3.725736109292966,1,0.3,0.551485068519653,0.8210114878764038,0.35545625266368275,0.01,0.9999999999974408,-3.775661799487609,-3.6371306448326846,-3.401561554483849
0.621793163094577,0,0.5,0.5824936424273329,0.2146544531438755,0.36808592894810355,0.01,0.9437431831575739,-0.15832087037473108,-0.021847818567095723,1.3038394786193077
7.584868391233057,0,0.5,0.9640070434474413,2.056763018258869,0.4908368565498167,0.01,1.0,10.64904210537326,10.546440160642474,11.978081913433034
-2.933079754261069,1,0.3,-0.20700523945115723,0.05232710092945281,0.01,0.01,1.0453982603796425e-96,-4.522815857086192,-4.646515476029804,-4.063426494093085
0.7714502527593556,1,0.3,0.6971756581247689,0.5500866557561956,0.4107857986220985,0.01,1.0,0.3150601685532805,0.7585869480202008,-0.26153791029359286
-5.7361857062011765,1,0.3,0.5201269663101826,1.0764968119916067,0.3421602128226771,0.01,0.999998605126402,-6.71465745563269,-6.073793115809549,-6.766377361126036
7.60083221103266,1,0.3,0.9681284380418492,0.5655949190845132,0.491903078746766,0.01,1.0,7.187654566376066,6.598312301308298,7.781884288358718
0.94521721207055,0,0.5,0.810624145090309,0.3549977936337957,0.44770426114574835,0.01,1.0,2.111319526921779,1.2781302276047923,1.147171977669866
-5.409095616453099,0,0.5,0.7669596789149183,1.7196159938923161,0.43405612933165777,0.01,1.0,-4.891003442338723,-4.266988339630691,-4.535524359221261
4.521531100673212,0,0.5,-0.9818418555660935,-1.9057562362791745,0.01,0.01,5.1368700011964875e-68,5.3244187257558435,4.428012535792209,4.6191476931202144
5.999938242913067,0,0.5,-0.2794747949859149,-0.3852879265241785,0.01,0.01,0.9999999982601986,8.3366565453731,8.778856903331349,9.275701293887973
0.8072818170381774,0,0.5,0.7224103180824073,0.45398904573014137,0.41941824807847217,0.01,1.0,0.5405919263889356,-0.7849742744925073,0.3237889668533803
-8.19698483770388,1,0.3,-0.9417488858963973,-1.343555579439608,0.01,0.01,1.0,-8.89210860522314,-8.534565818975715,-7.788167281582282
8.925844067582373,0,0.5,0.47848966957962885,1.1755660836647244,0.3236340972985461,0.01,1.0,8.607576722160726,8.539403294300946,9.898459559110883
1.5506126031326308,0,0.5,0.9997963155644964,1.6097137601984186,0.4999490737046772,0.01,1.0,1.1901420982030406,1.5063727149769033,1.1761722237641221
5.8522714868072665,0,0.5,-0.4177012596757459,0.061161469490257525,0.01,0.01,0.9999999997315769,5.315893440392343,5.439066672601435,5.198001635290036
-2.7544660255857116,0,0.5,-0.3775292415213991,-0.36125333860672026,0.01,0.01,1.6992578138655863e-45,-1.9904379030941617,-1.3238304924812831,-2.9561854508591985
-1.9931196236695023,0,0.5,-0.9121391282855805,-0.45841666722535984,0.01,0.01,1.0,-2.6398038448269903,-3.1557880608243813,-1.9195345317617296
0.5522655464528269,1,0.3,0.5246173197873271,-0.5720322997544242,0.34409770437378173,0.01,1.0,2.6675420596171633,2.586158664341727,1.9117532333258764
5.567008390179399,0,0.5,-0.6565056445054791,-0.9426882853187131,0.01,0.01,1.0,5.495966862708758,5.64455888146166,5.894364242451667
0.7149501408358067,1,0.3,0.6555797675643494,0.6761000779053123,0.39598198794662925,0.01,0.9154406642025112,-2.227841596613047,-2.279010459563014,-0.7334509965509762
-6.284169062668408,0,0.5,-0.0009837553301455823,-0.41785131077408283,0.01,0.01,1.0,-7.473961868327101,-7.620445866058358,-7.348484196847595
1.3099459839167051,0,0.5,0.966171022154369,1.0975338393130953,0.4913972443229877,0.01,1.0,3.0435146351151348,1.415738860444861,2.866079950039756
8.147670972553835,0,0.5,0.9571823819037144,2.6418228417258223,0.4890614133633684,0.01,0.07212072227847317,10.046213879550235,9.457225437626851,10.694657682246033
0.3290314123141566,0,0.5,0.32312655157148423,0.4027999482915063,0.24421439596061703,0.01,1.0,1.6039623852663185,1.3088465720494271,0.4353688652851595
0.6469276188824129,1,0.3,0.6027376804192607,0.8280387550014333,0.37606757973119487,0.01,0.9996803874211438,-0.2984083964260905,0.7207953677244823,-0.06106487003608696
-6.312718713919098,1,0.3,-0.02952911364500117,0.08151516362235514,0.01,0.01,2.3648806015768227e-11,-5.529976259173547,-5.7095934596719005,-6.167992802444503
-7.014945438614197,1,0.3,-0.6681802062146003,-1.3243758465269746,0.01,0.01,7.365241653103365e-40,-8.369510046525809,-6.801337488321353,-7.369880045396218
-3.188460694066209,0,0.5,0.04685088386797635,-1.0053600811699661,0.044754114067199806,0.01,1.0,-1.9458869684611129,-1.564410741518345,-0.7862094367411236
-1.632588233093618,0,0.5,-0.998091487537105,-2.1437326899710474,0.01,0.01,9.49476477937725e-71,-1.5738637038852632,-1.0929169099549225,-2.6699329502038722
0.5203036750513998,1,0.3,0.49714364996290117,0.6510941649470798,0.3320614224127526,0.01,1.0,-1.7230078199855576,-1.5548717722908463,-2.7427312151750773
0.8297848723708834,0,0.5,0.7377861696131763,-0.7042611026857891,0.4245552085256867,0.01,1.0,0.40329985947987607,0.0944679938961851,0.9154483535187518
8.009538255084642,0,0.5,0.9879254465000731,1.4424994173141907,0.49696302657597513,0.01,0.9999280293012404,7.946162287903052,7.421058844191705,7.583821452467094
0.2934371922495494,1,0.3,0.2892441978818633,0.1785299956443328,0.22435175458386467,0.01,0.9999997953753729,1.8166307421947316,1.1028895308538311,1.2750209359103766
5.322113442054538,1,0.3,-0.8198058336724362,-0.5722762302605658,0.01,0.01,7.05679936860223e-88,3.199842533418093,3.8549555836459977,4.298349005055273
-0.19664667322457685,0,0.5,-0.19538173645974918,-1.1335222988462657,0.01,0.01,1.0,1.326323450646183,1.9271964260361547,2.2926822385895855
7.244518058128805,1,0.3,0.8199551998463512,1.6703823387560566,0.45053592523353075,0.01,1.0,6.65529612205147,6.000402861704521,5.7430007017908515
-9.351987393736005,1,0.3,-0.07272630432846224,-0.1050802897422412,0.01,0.01,0.9999999999999997,-12.210657373553982,-12.092932312910808,-12.148675408217972
-2.9936588333921463,1,0.3,-0.14739483611385404,-1.1844337042810575,0.01,0.01,0.547882156594968,-3.449277624104519,-5.243130436227065,-4.291544850730443
4.915166981296204,0,0.5,-0.9795108932429596,-0.10728032960632838,0.01,0.01,1.3704058399926614e-10,4.6603543673636745,4.937406102060298,4.371352686233513
-0.8579800262835778,0,0.5,-0.7565231111445819,-1.6568724247712074,0.01,0.01,1.2148609907380676e-60,-0.48529108853141667,0.07999832208747415,0.2944906414997369
4.657648066939829,0,0.5,-0.9985020903026338,-1.8625439078814088,0.01,0.01,2.086288764040824e-05,3.541897874378378,3.1222760603910196,3.746130220109209
1.9253305138863552,1,0.3,0.9378082991664587,0.2818152489428527,0.48395308223721284,0.01,1.0,2.5693030986088603,1.6406865325164832,1.464982645015913
4.729384918565171,0,0.5,-0.9998555725193661,-1.2192937972272522,0.01,0.01,1.6737576549564374e-18,2.7237050653754444,3.3220966484272005,3.4524297653485463
3.065338640144217,1,0.3,0.07618013621535358,0.39782170705287273,0.07078753235797434,0.01,1.0,4.285237680990979,4.65085043926562,4.908106225701354
3.3682446690687513,1,0.3,-0.22471643190705815,0.08099025507630353,0.01,0.01,1.0,3.1412136427645883,2.714801594918201,2.368930591656363
7.46227693575775,0,0.5,0.9242596097672355,2.7071382213093376,0.48031960192680906,0.01,1.0,6.035618365430128,7.319651034923155,8.212336831593529
4.9323700935047,1,0.3,-0.9759015708332485,-1.3392580516030796,0.01,0.01,1.0,3.9386688442557096,4.8862312349823815,6.868986818062184
4.969033535682048,1,0.3,-0.9672471558001061,-1.2173782544790228,0.01,0.01,9.593304441467097e-07,4.523563510074971,3.340726799894079,3.714600711577501
0.10209379392788304,0,0.5,0.10191652997067063,-0.8623216057747103,0.09249024513080253,0.01,1.0,0.959045467709905,-0.5159084035647945,0.5487769736515531
-2.9092510490843617,0,0.5,-0.2302568380561686,-1.0058402786476877,0.01,0.01,8.992864041385125e-77,-2.696850565514494,-2.8834988992864146,-3.9246227739469663
-3.297800441361482,1,0.3,0.15557329464510514,0.7693872899643561,0.13462866904767312,0.01,1.0,-1.5272297702398776,-2.1992650721859066,-2.3221384123050366
3.7547229859484017,1,0.3,-0.5754304198667978,-0.8509918655420831,0.01,0.01,1.0,2.6407216368235797,2.310674726130675,1.9994507591437343
-12.192302820225118,0,0.5,0.3654049454014011,0.6848309375372206,0.2676165386921018,0.01,1.0,-9.402912543848148,-10.329477066714379,-10.751987389318785
-6.535890941521428,1,0.3,-0.2500245732239899,-0.23248428282875758,0.01,0.01,1.0,-8.377786504769137,-8.567203510420091,-7.9686404585364405
-4.81626842939395,0,0.5,0.9946093801412561,0.2519812255557201,0.49864870287074403,0.01,1.0,-5.8448655899229,-5.9647869456802365,-5.985562872236601
-1.2381068934680852,1,0.3,-0.9451674310746017,-1.3965999316012931,0.01,0.01,1.8634191971801438e-28,-0.979602438759207,-1.195078155269823,-1.8887246041840733
-13.157190184041669,1,0.3,-0.5570418497727888,-1.5841158140689782,0.01,0.01,1.0,-12.244592141887708,-11.8474810345099,-11.153544300925217
6.2936065129466625,0,0.5,0.010421017141619124,-0.13310070946065483,0.010313539568980018,0.01,2.7612906170303173e-117,7.163662219607297,8.555029501705462,6.014098381194799
3.000876181647969,1,0.3,0.14025254074519555,0.183602215685707,0.12300129640889512,0.01,0.9999999999999665,3.4287307827008284,2.043452521733906,2.7832086618654244
9.922911992292832,1,0.3,-0.4777871635175508,-0.6442953228266229,0.01,0.01,1.0,11.645242878959834,11.564254024768285,12.445110507656661
5.31107234461391,0,0.5,-0.8260783278012402,-0.12365516702645352,0.01,0.01,1.0,5.173815494478518,5.569085501058545,5.474930621482724
5.15189665576014,0,0.5,-0.9049612540502602,-1.841563394617515,0.01,0.01,0.9651743291716851,6.742392504329292,5.989212743332369,6.238951765601439
11.253380155154337,1,0.3,-0.9669517202481802,-0.9414834192539127,0.01,0.01,3.7435956334866255e-11,12.58712615272501,13.083059170519075,13.065654729715733
-2.8547904342871493,1,0.3,-0.2828865145146827,-0.8326994856568876,0.01,0.01,1.0,-3.5185465292197304,-4.907919969575573,-4.466449001866831
-7.517291996246972,1,0.3,-0.9438534610172182,-0.7353242298022485,0.01,0.01,1.0,-5.394248065942531,-5.982754931209124,-5.057741371006429
-1.1617869824636993,1,0.3,-0.9175152573118869,-1.4086681185719938,0.01,0.01,0.9827045841442348,0.6016443329816614,-0.8301782773574063,-0.3926213707863502
-4.124960269235802,1,0.3,0.8323684955276169,1.2774317323070796,0.45425824421192235,0.01,0.9947213577695287,-6.749595388075057,-6.349208860645074,-5.613794541822842
-1.2842268051222359,1,0.3,-0.9592191881111488,-0.6101220899817297,0.01,0.01,0.9884469562462975,-1.0508063721059746,-2.166004342577374,-1.8597322797191962
-5.251094951290451,1,0.3,0.8583732699884034,1.0406071045862348,0.46189497225913057,0.01,1.0,-5.371497129417389,-4.872255385623488,-4.858327559481736
2.8394003372699848,1,0.3,0.2976138945878196,0.43905601611842004,0.22935473782234364,0.01,1.0,2.0558614382006937,2.008137542163281,1.8154685434374844
2.564914247993621,1,0.3,0.5452425290755333,0.7017508978351219,0.35285239618775804,0.01,0.5091888427063295,2.6251826890075223,3.4409408065605804,3.4831932015751876
-0.13461295284136207,0,0.5,-0.13420677539100626,0.10145734811542773,0.01,0.01,0.9999999212071078,0.014698328926507603,-0.25751940745303037,-0.7964790726251105
1.5579075169144003,0,0.5,0.9999169404397728,1.3759610689982036,0.49997923424754603,0.01,1.0,-1.4527034299396577,-0.9634242741235162,-0.20700608770766582
-0.7102536356459146,1,0.3,-0.6520260976571558,-0.8463392671173926,0.01,0.01,1.0,-0.23020997856671976,0.4791562229171342,-0.960598829536425
